SET @OLD_CHARACTER_SET_CLIENT=@@CHARACTER_SET_CLIENT;
SET @OLD_CHARACTER_SET_RESULTS=@@CHARACTER_SET_RESULTS;
SET @OLD_CHARACTER_SET_CONNECTION=@@CHARACTER_SET_CONNECTION;
SET @OLD_COLLATION_CONNECTION=@@COLLATION_CONNECTION;
SET CHARACTER_SET_CLIENT='latin1';
SET CHARACTER_SET_RESULTS='latin1';
SET CHARACTER_SET_CONNECTION='latin1';
SET NAMES 'latin1';
SET @OLD_UNIQUE_CHECKS=@@UNIQUE_CHECKS;
SET UNIQUE_CHECKS=0;
SET @OLD_FOREIGN_KEY_CHECKS=@@FOREIGN_KEY_CHECKS;
SET FOREIGN_KEY_CHECKS=0;
SET @OLD_SQL_MODE=@@SQL_MODE;
SET SQL_MODE='NO_AUTO_VALUE_ON_ZERO';
SET @OLD_SQL_NOTES=@@SQL_NOTES;
SET SQL_NOTES=0;
SET CHARACTER_SET_CLIENT='latin1';
SET CHARACTER_SET_RESULTS='latin1';
SET CHARACTER_SET_CONNECTION='latin1';
SET NAMES 'latin1';
CREATE DATABASE IF NOT EXISTS `messdata` DEFAULT CHARACTER SET latin1;
USE `messdata`;

DROP TABLE IF EXISTS `accounts`;
CREATE TABLE IF NOT EXISTS `accounts` (  `Mess` char(1) NOT NULL,  `Balance` mediumint(9) DEFAULT NULL,  PRIMARY KEY (`Mess`)) ENGINE=InnoDB DEFAULT CHARSET=latin1;
ALTER TABLE `accounts` DISABLE KEYS;
LOCK TABLES `accounts` WRITE;
INSERT INTO `accounts` VALUES ('A',122665);
INSERT INTO `accounts` VALUES ('C',131215);
UNLOCK TABLES;
ALTER TABLE `accounts` ENABLE KEYS;
SET CHARACTER_SET_CLIENT='latin1';
SET CHARACTER_SET_RESULTS='latin1';
SET CHARACTER_SET_CONNECTION='latin1';
SET NAMES 'latin1';
CREATE DATABASE IF NOT EXISTS `messdata` DEFAULT CHARACTER SET latin1;
USE `messdata`;

DROP TABLE IF EXISTS `afoodstock`;
CREATE TABLE IF NOT EXISTS `afoodstock` (  `name` varchar(30) DEFAULT NULL,  `stock` int(2) DEFAULT NULL,  `price` float DEFAULT NULL) ENGINE=InnoDB DEFAULT CHARSET=latin1;
ALTER TABLE `afoodstock` DISABLE KEYS;
LOCK TABLES `afoodstock` WRITE;
INSERT INTO `afoodstock` VALUES ('Onion',45,24.4);
INSERT INTO `afoodstock` VALUES ('Potato',18,20.4);
UNLOCK TABLES;
ALTER TABLE `afoodstock` ENABLE KEYS;
SET CHARACTER_SET_CLIENT='latin1';
SET CHARACTER_SET_RESULTS='latin1';
SET CHARACTER_SET_CONNECTION='latin1';
SET NAMES 'latin1';
CREATE DATABASE IF NOT EXISTS `messdata` DEFAULT CHARACTER SET latin1;
USE `messdata`;

DROP TABLE IF EXISTS `amessadmin`;
CREATE TABLE IF NOT EXISTS `amessadmin` (  `srno` int(1) NOT NULL AUTO_INCREMENT,  `uname` varchar(30) DEFAULT NULL,  `password` varchar(30) DEFAULT NULL,  `mess` char(1) DEFAULT NULL,  UNIQUE KEY `srno` (`srno`)) ENGINE=InnoDB AUTO_INCREMENT=2 DEFAULT CHARSET=latin1;
ALTER TABLE `amessadmin` DISABLE KEYS;
LOCK TABLES `amessadmin` WRITE;
INSERT INTO `amessadmin` VALUES (1,'amessboss','imtheboss','A');
UNLOCK TABLES;
ALTER TABLE `amessadmin` ENABLE KEYS;
SET CHARACTER_SET_CLIENT='latin1';
SET CHARACTER_SET_RESULTS='latin1';
SET CHARACTER_SET_CONNECTION='latin1';
SET NAMES 'latin1';
CREATE DATABASE IF NOT EXISTS `messdata` DEFAULT CHARACTER SET latin1;
USE `messdata`;

DROP TABLE IF EXISTS `amesscrew`;
CREATE TABLE IF NOT EXISTS `amesscrew` (  `srno` int(11) NOT NULL AUTO_INCREMENT,  `name` varchar(30) DEFAULT NULL,  `uname` varchar(30) DEFAULT NULL,  `password` varchar(30) DEFAULT NULL,  `mess` char(1) DEFAULT NULL,  `acbal` float DEFAULT NULL,  `lstart` char(10) DEFAULT NULL,  `lend` char(10) DEFAULT NULL,  UNIQUE KEY `srno` (`srno`)) ENGINE=InnoDB AUTO_INCREMENT=3 DEFAULT CHARSET=latin1;
ALTER TABLE `amesscrew` DISABLE KEYS;
LOCK TABLES `amesscrew` WRITE;
INSERT INTO `amesscrew` VALUES (1,'Sachin','master','cricket','A',4250.12,'1','2');
INSERT INTO `amesscrew` VALUES (2,'Rohit','procook','double100','A',256.2,NULL,NULL);
UNLOCK TABLES;
ALTER TABLE `amesscrew` ENABLE KEYS;
SET CHARACTER_SET_CLIENT='latin1';
SET CHARACTER_SET_RESULTS='latin1';
SET CHARACTER_SET_CONNECTION='latin1';
SET NAMES 'latin1';
CREATE DATABASE IF NOT EXISTS `messdata` DEFAULT CHARACTER SET latin1;
USE `messdata`;

DROP TABLE IF EXISTS `amessmenu`;
CREATE TABLE IF NOT EXISTS `amessmenu` (  `mctype` varchar(30) DEFAULT NULL,  `mc` varchar(30) DEFAULT NULL,  `side` varchar(30) DEFAULT NULL,  `salad` varchar(30) DEFAULT NULL,  `beverage` varchar(30) DEFAULT NULL,  `sweet` varchar(30) DEFAULT NULL,  `meal` varchar(30) DEFAULT NULL) ENGINE=InnoDB DEFAULT CHARSET=latin1;
ALTER TABLE `amessmenu` DISABLE KEYS;
LOCK TABLES `amessmenu` WRITE;
INSERT INTO `amessmenu` VALUES ('uthappa','omlette','bread','','tea,coffe','jam','BreakfastMonday');
INSERT INTO `amessmenu` VALUES ('','idli,sambhar','omlet','chutni','tee,coffe','jam','BreakfastTuesday');
INSERT INTO `amessmenu` VALUES ('poha','bread','omlette','','tea,coffe','jam','BreakfastWednesday');
INSERT INTO `amessmenu` VALUES ('pav bhaji','bread','omlette','','tea,coffe','jam','BreakfastThursday');
INSERT INTO `amessmenu` VALUES ('aloo parantha','bread','omlette','','tea,coffe','jam','BreakfastFriday');
INSERT INTO `amessmenu` VALUES ('upma','bread','omlette','','tea,coffe','jam','BreakfastSaturday');
INSERT INTO `amessmenu` VALUES ('Chole bature','Chole masala','bread omlette','cornflakes','tea, cofee, bournvita','jam','BreakfastSunday');
INSERT INTO `amessmenu` VALUES ('paneer','rice,dal','sambhar','tomato','lassi','ice-cream','LunchMonday');
INSERT INTO `amessmenu` VALUES ('chhole','puri','dal','curd','lime','sevai','LunchTuesday');
INSERT INTO `amessmenu` VALUES ('veg kolhapuri','','rice,dal','kheera','buttermilk','kit kat','LunchWednesday');
INSERT INTO `amessmenu` VALUES ('aloo matar','','rice,dal','tamatar','oreo shake','gulab jamun','LunchThursday');
INSERT INTO `amessmenu` VALUES ('chana masala','','rice,dal','kheera','mausami','5 star','LunchFriday');
INSERT INTO `amessmenu` VALUES ('palak corn','rice,dal','raita','fry papad','maaza','eclairs','LunchSaturday');
INSERT INTO `amessmenu` VALUES ('veg biryani','rice,dal','raita','roasted papad','ruavza','jelly bean','LunchSunday');
INSERT INTO `amessmenu` VALUES ('chhole','rice,dal','sambhar','shezwan','redbull','rasgulla','DinnerMonday');
INSERT INTO `amessmenu` VALUES ('dum aloo','roti','dal,rice','kheera','limca','balusahi','DinnerTuesday');
INSERT INTO `amessmenu` VALUES ('chicken/paneer','rice,dal','rayata','kheera','pepse','rabdi,jalebi','DinnerWednesday');
INSERT INTO `amessmenu` VALUES ('soya chilli','rice,dal','rayata','tamatar','pishta shake','pan cake','DinnerThursday');
INSERT INTO `amessmenu` VALUES ('eggcurry/paneer','rice,dal','rayata','kheera','rio','icecream','DinnerFriday');
INSERT INTO `amessmenu` VALUES ('paneer chilli','rice,dal','rayata','cucumber','mountain dew','pastry','DinnerSaturday');
INSERT INTO `amessmenu` VALUES ('pizza','paneer roll','pani puri,curd rice','pasta','teekha pani','lumia','DinnerSunday');
UNLOCK TABLES;
ALTER TABLE `amessmenu` ENABLE KEYS;
SET CHARACTER_SET_CLIENT='latin1';
SET CHARACTER_SET_RESULTS='latin1';
SET CHARACTER_SET_CONNECTION='latin1';
SET NAMES 'latin1';
CREATE DATABASE IF NOT EXISTS `messdata` DEFAULT CHARACTER SET latin1;
USE `messdata`;

DROP TABLE IF EXISTS `cfoodstock`;
CREATE TABLE IF NOT EXISTS `cfoodstock` (  `name` varchar(30) DEFAULT NULL,  `stock` int(2) DEFAULT NULL,  `price` float DEFAULT NULL) ENGINE=InnoDB DEFAULT CHARSET=latin1;
ALTER TABLE `cfoodstock` DISABLE KEYS;
LOCK TABLES `cfoodstock` WRITE;
INSERT INTO `cfoodstock` VALUES ('Onion',12,24.4);
INSERT INTO `cfoodstock` VALUES ('Potato',18,20.4);
UNLOCK TABLES;
ALTER TABLE `cfoodstock` ENABLE KEYS;
SET CHARACTER_SET_CLIENT='latin1';
SET CHARACTER_SET_RESULTS='latin1';
SET CHARACTER_SET_CONNECTION='latin1';
SET NAMES 'latin1';
CREATE DATABASE IF NOT EXISTS `messdata` DEFAULT CHARACTER SET latin1;
USE `messdata`;

DROP TABLE IF EXISTS `cmessadmin`;
CREATE TABLE IF NOT EXISTS `cmessadmin` (  `srno` int(1) NOT NULL DEFAULT '0',  `uname` varchar(30) DEFAULT NULL,  `password` varchar(30) DEFAULT NULL,  `mess` char(1) DEFAULT NULL) ENGINE=InnoDB DEFAULT CHARSET=latin1;
ALTER TABLE `cmessadmin` DISABLE KEYS;
LOCK TABLES `cmessadmin` WRITE;
INSERT INTO `cmessadmin` VALUES (1,'cmessboss','imtheotherboss','C');
UNLOCK TABLES;
ALTER TABLE `cmessadmin` ENABLE KEYS;
SET CHARACTER_SET_CLIENT='latin1';
SET CHARACTER_SET_RESULTS='latin1';
SET CHARACTER_SET_CONNECTION='latin1';
SET NAMES 'latin1';
CREATE DATABASE IF NOT EXISTS `messdata` DEFAULT CHARACTER SET latin1;
USE `messdata`;

DROP TABLE IF EXISTS `cmesscrew`;
CREATE TABLE IF NOT EXISTS `cmesscrew` (  `srno` int(11) NOT NULL AUTO_INCREMENT,  `name` varchar(30) DEFAULT NULL,  `uname` varchar(30) DEFAULT NULL,  `password` varchar(30) DEFAULT NULL,  `mess` char(1) DEFAULT NULL,  `acbal` float DEFAULT NULL,  `lstart` char(10) DEFAULT NULL,  `lend` char(10) DEFAULT NULL,  UNIQUE KEY `srno` (`srno`)) ENGINE=InnoDB AUTO_INCREMENT=3 DEFAULT CHARSET=latin1;
ALTER TABLE `cmesscrew` DISABLE KEYS;
LOCK TABLES `cmesscrew` WRITE;
INSERT INTO `cmesscrew` VALUES (1,'Nehru','sweeper','expmofindia','C',1947,NULL,NULL);
INSERT INTO `cmesscrew` VALUES (2,'Jinnah','counterboy','wasalawyer','C',1947,NULL,NULL);
UNLOCK TABLES;
ALTER TABLE `cmesscrew` ENABLE KEYS;
SET CHARACTER_SET_CLIENT='latin1';
SET CHARACTER_SET_RESULTS='latin1';
SET CHARACTER_SET_CONNECTION='latin1';
SET NAMES 'latin1';
CREATE DATABASE IF NOT EXISTS `messdata` DEFAULT CHARACTER SET latin1;
USE `messdata`;

DROP TABLE IF EXISTS `cmessmenu`;
CREATE TABLE IF NOT EXISTS `cmessmenu` (  `mctype` varchar(30) DEFAULT NULL,  `mc` varchar(30) DEFAULT NULL,  `side` varchar(30) DEFAULT NULL,  `salad` varchar(30) DEFAULT NULL,  `beverage` varchar(30) DEFAULT NULL,  `sweet` varchar(30) DEFAULT NULL,  `meal` varchar(30) DEFAULT NULL) ENGINE=InnoDB DEFAULT CHARSET=latin1;
ALTER TABLE `cmessmenu` DISABLE KEYS;
LOCK TABLES `cmessmenu` WRITE;
INSERT INTO `cmessmenu` VALUES ('uthappa','omlette','bread','','tea,coffe','jam','BreakfastMonday');
INSERT INTO `cmessmenu` VALUES ('','idli,sambhar','omlet','chutni','tee,coffe','jam','BreakfastTuesday');
INSERT INTO `cmessmenu` VALUES ('poha','bread','omlette','','tea,coffe','jam','BreakfastWednesday');
INSERT INTO `cmessmenu` VALUES ('pav bhaji','bread','omlette','','tea,coffe','jam','BreakfastThursday');
INSERT INTO `cmessmenu` VALUES ('aloo parantha','bread','omlette','','tea,coffe','jam','BreakfastFriday');
INSERT INTO `cmessmenu` VALUES ('upma','bread','omlette','','tea,coffe','jam','BreakfastSaturday');
INSERT INTO `cmessmenu` VALUES ('Chole bature','Chole masala','bread omlette','cornflakes','tea, cofee, bournvita','jam','BreakfastSunday');
INSERT INTO `cmessmenu` VALUES ('paneer','rice,dal','sambhar','tomato','lassi','ice-cream','LunchMonday');
INSERT INTO `cmessmenu` VALUES ('chhole','puri','dal','curd','lime','sevai','LunchTuesday');
INSERT INTO `cmessmenu` VALUES ('veg kolhapuri','','rice,dal','kheera','buttermilk','kit kat','LunchWednesday');
INSERT INTO `cmessmenu` VALUES ('aloo matar','','rice,dal','tamatar','oreo shake','gulab jamun','LunchThursday');
INSERT INTO `cmessmenu` VALUES ('chana masala','','rice,dal','kheera','mausami','5 star','LunchFriday');
INSERT INTO `cmessmenu` VALUES ('palak corn','rice,dal','raita','fry papad','maaza','eclairs','LunchSaturday');
INSERT INTO `cmessmenu` VALUES ('veg biryani','rice,dal','raita','roasted papad','ruavza','jelly bean','LunchSunday');
INSERT INTO `cmessmenu` VALUES ('chhole','rice,dal','sambhar','shezwan','redbull','rasgulla','DinnerMonday');
INSERT INTO `cmessmenu` VALUES ('dum aloo','roti','dal,rice','kheera','limca','balusahi','DinnerTuesday');
INSERT INTO `cmessmenu` VALUES ('chicken/paneer','rice,dal','rayata','kheera','pepse','rabdi,jalebi','DinnerWednesday');
INSERT INTO `cmessmenu` VALUES ('soya chilli','rice,dal','rayata','tamatar','pishta shake','pan cake','DinnerThursday');
INSERT INTO `cmessmenu` VALUES ('eggcurry/paneer','rice,dal','rayata','kheera','rio','icecream','DinnerFriday');
INSERT INTO `cmessmenu` VALUES ('paneer chilli','rice,dal','rayata','cucumber','mountain dew','pastry','DinnerSaturday');
INSERT INTO `cmessmenu` VALUES ('pizza','paneer roll','pani puri,curd rice','pasta','teekha pani','lumia','DinnerSunday');
UNLOCK TABLES;
ALTER TABLE `cmessmenu` ENABLE KEYS;
SET CHARACTER_SET_CLIENT='latin1';
SET CHARACTER_SET_RESULTS='latin1';
SET CHARACTER_SET_CONNECTION='latin1';
SET NAMES 'latin1';
CREATE DATABASE IF NOT EXISTS `messdata` DEFAULT CHARACTER SET latin1;
USE `messdata`;

DROP TABLE IF EXISTS `feedback`;
CREATE TABLE IF NOT EXISTS `feedback` (  `Feedback` varchar(100) NOT NULL) ENGINE=InnoDB DEFAULT CHARSET=latin1;
ALTER TABLE `feedback` DISABLE KEYS;
LOCK TABLES `feedback` WRITE;
INSERT INTO `feedback` VALUES ('No1');
INSERT INTO `feedback` VALUES ('No2');
INSERT INTO `feedback` VALUES ('No3');
INSERT INTO `feedback` VALUES ('No4');
INSERT INTO `feedback` VALUES ('No5');
INSERT INTO `feedback` VALUES ('No6');
INSERT INTO `feedback` VALUES ('No7');
INSERT INTO `feedback` VALUES ('No8');
INSERT INTO `feedback` VALUES ('No1');
INSERT INTO `feedback` VALUES ('No2');
INSERT INTO `feedback` VALUES ('No3');
INSERT INTO `feedback` VALUES ('No4');
INSERT INTO `feedback` VALUES ('No5');
INSERT INTO `feedback` VALUES ('No6');
INSERT INTO `feedback` VALUES ('No7');
INSERT INTO `feedback` VALUES ('No8');
INSERT INTO `feedback` VALUES ('No1');
INSERT INTO `feedback` VALUES ('No2');
INSERT INTO `feedback` VALUES ('No3');
INSERT INTO `feedback` VALUES ('No4');
INSERT INTO `feedback` VALUES ('No5');
INSERT INTO `feedback` VALUES ('No6');
INSERT INTO `feedback` VALUES ('No7');
INSERT INTO `feedback` VALUES ('No8');
INSERT INTO `feedback` VALUES ('No1');
INSERT INTO `feedback` VALUES ('No2');
INSERT INTO `feedback` VALUES ('No3');
INSERT INTO `feedback` VALUES ('No4');
INSERT INTO `feedback` VALUES ('No5');
INSERT INTO `feedback` VALUES ('No6');
INSERT INTO `feedback` VALUES ('No7');
INSERT INTO `feedback` VALUES ('No8');
INSERT INTO `feedback` VALUES ('No1');
INSERT INTO `feedback` VALUES ('No2');
INSERT INTO `feedback` VALUES ('No3');
INSERT INTO `feedback` VALUES ('No4');
INSERT INTO `feedback` VALUES ('No5');
INSERT INTO `feedback` VALUES ('No6');
INSERT INTO `feedback` VALUES ('No7');
INSERT INTO `feedback` VALUES ('No8');
INSERT INTO `feedback` VALUES ('No1');
INSERT INTO `feedback` VALUES ('No2');
INSERT INTO `feedback` VALUES ('No3');
INSERT INTO `feedback` VALUES ('No4');
INSERT INTO `feedback` VALUES ('No5');
INSERT INTO `feedback` VALUES ('No6');
INSERT INTO `feedback` VALUES ('No7');
INSERT INTO `feedback` VALUES ('No8');
INSERT INTO `feedback` VALUES ('No1');
INSERT INTO `feedback` VALUES ('No2');
INSERT INTO `feedback` VALUES ('No3');
INSERT INTO `feedback` VALUES ('No4');
INSERT INTO `feedback` VALUES ('No5');
INSERT INTO `feedback` VALUES ('No6');
INSERT INTO `feedback` VALUES ('No7');
INSERT INTO `feedback` VALUES ('No8');
INSERT INTO `feedback` VALUES ('No1');
INSERT INTO `feedback` VALUES ('No2');
INSERT INTO `feedback` VALUES ('No3');
INSERT INTO `feedback` VALUES ('No4');
INSERT INTO `feedback` VALUES ('No5');
INSERT INTO `feedback` VALUES ('No6');
INSERT INTO `feedback` VALUES ('No7');
INSERT INTO `feedback` VALUES ('No8');
INSERT INTO `feedback` VALUES ('No1');
INSERT INTO `feedback` VALUES ('No2');
INSERT INTO `feedback` VALUES ('No3');
INSERT INTO `feedback` VALUES ('No4');
INSERT INTO `feedback` VALUES ('No5');
INSERT INTO `feedback` VALUES ('No6');
INSERT INTO `feedback` VALUES ('No7');
INSERT INTO `feedback` VALUES ('No8');
INSERT INTO `feedback` VALUES ('No1');
INSERT INTO `feedback` VALUES ('No2');
INSERT INTO `feedback` VALUES ('No3');
INSERT INTO `feedback` VALUES ('No4');
INSERT INTO `feedback` VALUES ('No5');
INSERT INTO `feedback` VALUES ('No6');
INSERT INTO `feedback` VALUES ('No7');
INSERT INTO `feedback` VALUES ('No8');
UNLOCK TABLES;
ALTER TABLE `feedback` ENABLE KEYS;
SET CHARACTER_SET_CLIENT='latin1';
SET CHARACTER_SET_RESULTS='latin1';
SET CHARACTER_SET_CONNECTION='latin1';
SET NAMES 'latin1';
CREATE DATABASE IF NOT EXISTS `messdata` DEFAULT CHARACTER SET latin1;
USE `messdata`;

DROP TABLE IF EXISTS `guestfeedback`;
CREATE TABLE IF NOT EXISTS `guestfeedback` (  `feedback` varchar(500) DEFAULT NULL,  `name` text,  `srno` int(3) NOT NULL AUTO_INCREMENT,  UNIQUE KEY `srno` (`srno`)) ENGINE=InnoDB AUTO_INCREMENT=2 DEFAULT CHARSET=latin1;
ALTER TABLE `guestfeedback` DISABLE KEYS;
LOCK TABLES `guestfeedback` WRITE;
INSERT INTO `guestfeedback` VALUES ('','',1);
UNLOCK TABLES;
ALTER TABLE `guestfeedback` ENABLE KEYS;
SET CHARACTER_SET_CLIENT='latin1';
SET CHARACTER_SET_RESULTS='latin1';
SET CHARACTER_SET_CONNECTION='latin1';
SET NAMES 'latin1';
CREATE DATABASE IF NOT EXISTS `messdata` DEFAULT CHARACTER SET latin1;
USE `messdata`;

DROP TABLE IF EXISTS `messinfo`;
CREATE TABLE IF NOT EXISTS `messinfo` (  `mname` char(1) DEFAULT NULL,  `cname` varchar(30) DEFAULT NULL,  `acbal` float DEFAULT NULL) ENGINE=InnoDB DEFAULT CHARSET=latin1;
ALTER TABLE `messinfo` DISABLE KEYS;
LOCK TABLES `messinfo` WRITE;
INSERT INTO `messinfo` VALUES ('A','Siddhant',11111.1);
INSERT INTO `messinfo` VALUES ('C','Varun',27654.1);
UNLOCK TABLES;
ALTER TABLE `messinfo` ENABLE KEYS;
SET CHARACTER_SET_CLIENT='latin1';
SET CHARACTER_SET_RESULTS='latin1';
SET CHARACTER_SET_CONNECTION='latin1';
SET NAMES 'latin1';
CREATE DATABASE IF NOT EXISTS `messdata` DEFAULT CHARACTER SET latin1;
USE `messdata`;

DROP TABLE IF EXISTS `messmenufriday`;
CREATE TABLE IF NOT EXISTS `messmenufriday` (  `mctype` varchar(40) DEFAULT NULL,  `mc` varchar(40) DEFAULT NULL,  `side` varchar(40) DEFAULT NULL,  `salad` varchar(40) DEFAULT NULL,  `beverage` varchar(40) DEFAULT NULL,  `sweet` varchar(40) DEFAULT NULL,  `meal` varchar(10) DEFAULT NULL) ENGINE=InnoDB DEFAULT CHARSET=latin1;
ALTER TABLE `messmenufriday` DISABLE KEYS;
LOCK TABLES `messmenufriday` WRITE;
INSERT INTO `messmenufriday` VALUES ('a5','b5','c5','d5','e5','f5','Breakfast');
INSERT INTO `messmenufriday` VALUES ('g5','h5','i5','j5','k5','l5','Lunch');
INSERT INTO `messmenufriday` VALUES ('m5','n5','o5','p5','q5','r5','Snacks');
INSERT INTO `messmenufriday` VALUES ('s5','t5','u5','v5','w5','x5','Dinner');
UNLOCK TABLES;
ALTER TABLE `messmenufriday` ENABLE KEYS;
SET CHARACTER_SET_CLIENT='latin1';
SET CHARACTER_SET_RESULTS='latin1';
SET CHARACTER_SET_CONNECTION='latin1';
SET NAMES 'latin1';
CREATE DATABASE IF NOT EXISTS `messdata` DEFAULT CHARACTER SET latin1;
USE `messdata`;

DROP TABLE IF EXISTS `messmenumonday`;
CREATE TABLE IF NOT EXISTS `messmenumonday` (  `mctype` varchar(40) DEFAULT NULL,  `mc` varchar(40) DEFAULT NULL,  `side` varchar(40) DEFAULT NULL,  `salad` varchar(40) DEFAULT NULL,  `beverage` varchar(40) DEFAULT NULL,  `sweet` varchar(40) DEFAULT NULL,  `meal` varchar(10) DEFAULT NULL) ENGINE=InnoDB DEFAULT CHARSET=latin1;
ALTER TABLE `messmenumonday` DISABLE KEYS;
LOCK TABLES `messmenumonday` WRITE;
INSERT INTO `messmenumonday` VALUES ('a1','b1','c1','d1','e1','f1','Breakfast');
INSERT INTO `messmenumonday` VALUES ('g1','h1','i1','j1','k1','l1','Lunch');
INSERT INTO `messmenumonday` VALUES ('m1','n1','o1','p1','q1','r1','Snacks');
INSERT INTO `messmenumonday` VALUES ('s1','t1','u1','v1','w1','x1','Dinner');
UNLOCK TABLES;
ALTER TABLE `messmenumonday` ENABLE KEYS;
SET CHARACTER_SET_CLIENT='latin1';
SET CHARACTER_SET_RESULTS='latin1';
SET CHARACTER_SET_CONNECTION='latin1';
SET NAMES 'latin1';
CREATE DATABASE IF NOT EXISTS `messdata` DEFAULT CHARACTER SET latin1;
USE `messdata`;

DROP TABLE IF EXISTS `messmenusaturday`;
CREATE TABLE IF NOT EXISTS `messmenusaturday` (  `mctype` varchar(40) DEFAULT NULL,  `mc` varchar(40) DEFAULT NULL,  `side` varchar(40) DEFAULT NULL,  `salad` varchar(40) DEFAULT NULL,  `beverage` varchar(40) DEFAULT NULL,  `sweet` varchar(40) DEFAULT NULL,  `meal` varchar(10) DEFAULT NULL) ENGINE=InnoDB DEFAULT CHARSET=latin1;
ALTER TABLE `messmenusaturday` DISABLE KEYS;
LOCK TABLES `messmenusaturday` WRITE;
INSERT INTO `messmenusaturday` VALUES ('a6','b6','c6','d6','e6','f6','Breakfast');
INSERT INTO `messmenusaturday` VALUES ('g6','h6','i6','j6','k6','l6','Lunch');
INSERT INTO `messmenusaturday` VALUES ('m6','n6','o6','p6','q6','r6','Snacks');
INSERT INTO `messmenusaturday` VALUES ('s6','t6','u6','v6','w6','x6','Dinner');
UNLOCK TABLES;
ALTER TABLE `messmenusaturday` ENABLE KEYS;
SET CHARACTER_SET_CLIENT='latin1';
SET CHARACTER_SET_RESULTS='latin1';
SET CHARACTER_SET_CONNECTION='latin1';
SET NAMES 'latin1';
CREATE DATABASE IF NOT EXISTS `messdata` DEFAULT CHARACTER SET latin1;
USE `messdata`;

DROP TABLE IF EXISTS `messmenusunday`;
CREATE TABLE IF NOT EXISTS `messmenusunday` (  `mctype` varchar(40) DEFAULT NULL,  `mc` varchar(40) DEFAULT NULL,  `side` varchar(40) DEFAULT NULL,  `salad` varchar(40) DEFAULT NULL,  `beverage` varchar(40) DEFAULT NULL,  `sweet` varchar(40) DEFAULT NULL,  `meal` varchar(10) DEFAULT NULL) ENGINE=InnoDB DEFAULT CHARSET=latin1;
ALTER TABLE `messmenusunday` DISABLE KEYS;
LOCK TABLES `messmenusunday` WRITE;
INSERT INTO `messmenusunday` VALUES ('a7','b7','c7','d7','e7','f7','Breakfast');
INSERT INTO `messmenusunday` VALUES ('g6','h6','i6','j6','k6','l6','Lunch');
INSERT INTO `messmenusunday` VALUES ('m7','n7','o7','p7','q7','r7','Snacks');
INSERT INTO `messmenusunday` VALUES ('s7','t7','u7','v7','w7','x7','Dinner');
UNLOCK TABLES;
ALTER TABLE `messmenusunday` ENABLE KEYS;
SET CHARACTER_SET_CLIENT='latin1';
SET CHARACTER_SET_RESULTS='latin1';
SET CHARACTER_SET_CONNECTION='latin1';
SET NAMES 'latin1';
CREATE DATABASE IF NOT EXISTS `messdata` DEFAULT CHARACTER SET latin1;
USE `messdata`;

DROP TABLE IF EXISTS `messmenuthursday`;
CREATE TABLE IF NOT EXISTS `messmenuthursday` (  `mctype` varchar(40) DEFAULT NULL,  `mc` varchar(40) DEFAULT NULL,  `side` varchar(40) DEFAULT NULL,  `salad` varchar(40) DEFAULT NULL,  `beverage` varchar(40) DEFAULT NULL,  `sweet` varchar(40) DEFAULT NULL,  `meal` varchar(10) DEFAULT NULL) ENGINE=InnoDB DEFAULT CHARSET=latin1;
ALTER TABLE `messmenuthursday` DISABLE KEYS;
LOCK TABLES `messmenuthursday` WRITE;
INSERT INTO `messmenuthursday` VALUES ('a4','b4','c4','d4','e4','f4','Breakfast');
INSERT INTO `messmenuthursday` VALUES ('g4','h4','i4','j4','k4','l4','Lunch');
INSERT INTO `messmenuthursday` VALUES ('m4','n4','o4','p4','q4','r4','Snacks');
INSERT INTO `messmenuthursday` VALUES ('s4','t4','u4','v4','w4','x4','Dinner');
UNLOCK TABLES;
ALTER TABLE `messmenuthursday` ENABLE KEYS;
SET CHARACTER_SET_CLIENT='latin1';
SET CHARACTER_SET_RESULTS='latin1';
SET CHARACTER_SET_CONNECTION='latin1';
SET NAMES 'latin1';
CREATE DATABASE IF NOT EXISTS `messdata` DEFAULT CHARACTER SET latin1;
USE `messdata`;

DROP TABLE IF EXISTS `messmenutuesday`;
CREATE TABLE IF NOT EXISTS `messmenutuesday` (  `mctype` varchar(40) DEFAULT NULL,  `mc` varchar(40) DEFAULT NULL,  `side` varchar(40) DEFAULT NULL,  `salad` varchar(40) DEFAULT NULL,  `beverage` varchar(40) DEFAULT NULL,  `sweet` varchar(40) DEFAULT NULL,  `meal` varchar(10) DEFAULT NULL) ENGINE=InnoDB DEFAULT CHARSET=latin1;
ALTER TABLE `messmenutuesday` DISABLE KEYS;
LOCK TABLES `messmenutuesday` WRITE;
INSERT INTO `messmenutuesday` VALUES ('a2','b2','c2','d2','e2','f2','Breakfast');
INSERT INTO `messmenutuesday` VALUES ('g2','h2','i2','j2','k2','l2','Lunch');
INSERT INTO `messmenutuesday` VALUES ('m2','n2','o2','p2','q2','r2','Snacks');
INSERT INTO `messmenutuesday` VALUES ('s2','t2','u2','v2','w2','x2','Dinner');
UNLOCK TABLES;
ALTER TABLE `messmenutuesday` ENABLE KEYS;
SET CHARACTER_SET_CLIENT='latin1';
SET CHARACTER_SET_RESULTS='latin1';
SET CHARACTER_SET_CONNECTION='latin1';
SET NAMES 'latin1';
CREATE DATABASE IF NOT EXISTS `messdata` DEFAULT CHARACTER SET latin1;
USE `messdata`;

DROP TABLE IF EXISTS `messmenuwednesday`;
CREATE TABLE IF NOT EXISTS `messmenuwednesday` (  `mctype` varchar(40) DEFAULT NULL,  `mc` varchar(40) DEFAULT NULL,  `side` varchar(40) DEFAULT NULL,  `salad` varchar(40) DEFAULT NULL,  `beverage` varchar(40) DEFAULT NULL,  `sweet` varchar(40) DEFAULT NULL,  `meal` varchar(10) DEFAULT NULL) ENGINE=InnoDB DEFAULT CHARSET=latin1;
ALTER TABLE `messmenuwednesday` DISABLE KEYS;
LOCK TABLES `messmenuwednesday` WRITE;
INSERT INTO `messmenuwednesday` VALUES ('a3','b3','c3','d3','e3','f3','Breakfast');
INSERT INTO `messmenuwednesday` VALUES ('g3','h3','i3','j3','k3','l3','Lunch');
INSERT INTO `messmenuwednesday` VALUES ('m2','n2','o2','p2','q2','r2','Snacks');
INSERT INTO `messmenuwednesday` VALUES ('s3','t3','u3','v3','w3','x3','Dinner');
UNLOCK TABLES;
ALTER TABLE `messmenuwednesday` ENABLE KEYS;
SET CHARACTER_SET_CLIENT='latin1';
SET CHARACTER_SET_RESULTS='latin1';
SET CHARACTER_SET_CONNECTION='latin1';
SET NAMES 'latin1';
CREATE DATABASE IF NOT EXISTS `messdata` DEFAULT CHARACTER SET latin1;
USE `messdata`;

DROP TABLE IF EXISTS `student`;
CREATE TABLE IF NOT EXISTS `student` (  `ID` char(12) NOT NULL,  `Name` varchar(40) DEFAULT NULL,  `Mess` char(1) DEFAULT NULL,  `HasEaten` tinyint(1) DEFAULT NULL,  `Password` varchar(40) DEFAULT NULL,  `srno` int(3) NOT NULL AUTO_INCREMENT,  PRIMARY KEY (`ID`),  UNIQUE KEY `srno` (`srno`)) ENGINE=InnoDB AUTO_INCREMENT=7 DEFAULT CHARSET=latin1;
ALTER TABLE `student` DISABLE KEYS;
LOCK TABLES `student` WRITE;
INSERT INTO `student` VALUES ('2012a8788g','Eden Hazard','C',0,'chelseaboy',6);
INSERT INTO `student` VALUES ('2013a1ps020g','Gareth Bale','A',0,'ilovefootball',1);
INSERT INTO `student` VALUES ('2013a3ps800g','James Rodriguez','C',0,'ilovesoccer',2);
INSERT INTO `student` VALUES ('2013a7ps007g','Cristiano Ronaldo','A',1,'ihatemessi',4);
INSERT INTO `student` VALUES ('2013b4a4444g','Cesc Fabregas','A',0,'gooner',5);
INSERT INTO `student` VALUES ('2014b4a4444g','Lionel Messi','C',1,'imawesome',3);
UNLOCK TABLES;
ALTER TABLE `student` ENABLE KEYS;
SET CHARACTER_SET_CLIENT='latin1';
SET CHARACTER_SET_RESULTS='latin1';
SET CHARACTER_SET_CONNECTION='latin1';
SET NAMES 'latin1';
CREATE DATABASE IF NOT EXISTS `messdata` DEFAULT CHARACTER SET latin1;
USE `messdata`;

DROP TABLE IF EXISTS `studentfeedback`;
CREATE TABLE IF NOT EXISTS `studentfeedback` (  `feedback` varchar(500) DEFAULT NULL,  `name` text,  `srno` int(3) NOT NULL AUTO_INCREMENT,  UNIQUE KEY `srno` (`srno`)) ENGINE=InnoDB DEFAULT CHARSET=latin1;
ALTER TABLE `studentfeedback` DISABLE KEYS;
LOCK TABLES `studentfeedback` WRITE;
UNLOCK TABLES;
ALTER TABLE `studentfeedback` ENABLE KEYS;
SET SQL_MODE=@OLD_SQL_MODE;
SET FOREIGN_KEY_CHECKS=@OLD_FOREIGN_KEY_CHECKS;
SET UNIQUE_CHECKS=@OLD_UNIQUE_CHECKS;
SET SQL_NOTES=@OLD_SQL_NOTES;
SET CHARACTER_SET_CLIENT=@OLD_CHARACTER_SET_CLIENT;
SET CHARACTER_SET_RESULTS=@OLD_CHARACTER_SET_RESULTS;
SET CHARACTER_SET_CONNECTION=@OLD_CHARACTER_SET_CONNECTION;
SET COLLATION_CONNECTION=@OLD_COLLATION_CONNECTION;
